{
  "dxf": {
    "x_min": 50.0,
    "y_min": 8.958901773533425,
    "x_max": 928.2528990450205,
    "y_max": 453.75,
    "width": 878.2528990450205,
    "height": 444.7910982264666
  },
  "svg": {
    "viewbox_x": 0.0,
    "viewbox_y": 0.0,
    "viewbox_w": 1000000.0,
    "viewbox_h": 505811.0
  }
}